filename,iname
03-15 03.36.02.jpg,1
05-08 11.13.32.jpg,2
01-16 04.07.18.jpg,3
05-02 12.28.36.jpg,4
05-19 15.49.29.jpg,5
08-13 16.27.30.jpg,6
01-20 01.32.29.jpg,7
04-04 12.39.12.jpg,8
06-07 14.16.26.jpg,9
01-22 01.19.57.jpg,10
03-10 01.33.38.jpg,11
02-25 13.32.19.jpg,12
08-10 18.26.21.jpg,13
02-19 01.38.35.jpg,14
03-06 03.53.39.jpg,15
01-05 10.17.13.jpg,16
01-22 10.32.16.jpg,17
08-26 17.53.37.jpg,18
02-19 01.39.03.jpg,19
08-23 15.53.37.jpg,20
02-25 13.28.11.jpg,21
08-12 10.02.54.jpg,22
03-06 01.26.48.jpg,23
04-17 01.46.06.jpg,24
06-11 14.07.34.jpg,25
03-01 10.01.10.jpg,26
03-17 12.30.12.jpg,27
02-25 14.21.14.jpg,28
01-07 12.56.08.jpg,29
08-25 14.02.52.jpg,30
01-29 12.59.26.jpg,31
01-30 12.04.51.jpg,32
01-21 04.22.50.jpg,33
03-17 12.27.00.jpg,34
01-29 12.09.50.jpg,35
02-19 01.40.48.jpg,36
02-20 10.00.38.jpg,37
05-20 11.54.07.jpg,38
01-29 02.50.53.jpg,39
01-12 11.53.49.jpg,40
01-30 03.23.51.jpg,41
08-13 16.10.39.jpg,42
02-25 13.32.33.jpg,43
01-25 11.35.56.jpg,44
02-25 16.21.01.jpg,45
04-24 04.19.02.jpg,46
02-25 15.17.37.jpg,47
06-08 13.23.50.jpg,48
05-20 09.41.06.jpg,49
08-27 12.41.13.jpg,50
01-22 12.17.24.jpg,51
08-22 10.22.56.jpg,52
02-25 13.28.14.jpg,53
02-20 09.51.05.jpg,54
05-20 11.43.03.jpg,55
08-22 11.46.25.jpg,56
01-22 03.25.51.jpg,57
08-20 12.05.21.jpg,58
03-03 01.06.01.jpg,59
03-17 12.27.32.jpg,60
04-24 12.56.39.jpg,61
03-02 01.14.45.jpg,62
02-25 16.10.28.jpg,63
02-15 12.12.21.jpg,64
02-25 13.28.44.jpg,65
05-01 14.04.02.jpg,66
05-12 12.08.40.jpg,67
03-04 11.24.23.jpg,68
01-29 11.18.42.jpg,69
06-08 10.29.03.jpg,70
05-20 13.04.22.jpg,71
05-12 12.10.06.jpg,72
03-09 05.03.00.jpg,73
03-08 11.43.24.jpg,74
01-25 08.51.48.jpg,75
04-04 12.25.09.jpg,76
03-16 04.32.03.jpg,77
03-17 12.06.45.jpg,78
02-24 05.19.55.jpg,79
08-08 17.07.48.jpg,80
03-17 12.29.28.jpg,81
03-07 02.32.39.jpg,82
02-20 10.00.50.jpg,83
01-22 05.25.41.jpg,84
01-22 11.33.13.jpg,85
03-03 11.41.09.jpg,86
01-20 01.06.34.jpg,87
08-12 09.27.24.jpg,88
05-28 10.45.46.jpg,89
05-09 09.23.54.jpg,90
01-18 12.43.47.jpg,91
03-02 05.33.26.jpg,92
03-10 11.21.16.jpg,93
02-25 15.58.25.jpg,94
08-22 11.07.40.jpg,95
05-19 18.08.45.jpg,96
02-25 14.24.43.jpg,97
01-09 01.37.10.jpg,98
03-17 12.38.31.jpg,99
05-20 11.25.24.jpg,100
03-15 04.05.49.jpg,101
08-12 09.49.38.jpg,102
03-17 04.09.46.jpg,103
02-20 02.58.50.jpg,104
08-13 15.51.38.jpg,105
03-10 03.20.12.jpg,106
03-10 03.16.32.jpg,107
01-20 01.05.58.jpg,108
01-22 04.37.49.jpg,109
06-08 10.34.47.jpg,110
06-08 12.54.53.jpg,111
03-04 05.40.31.jpg,112
03-29 14.59.18.jpg,113
08-29 18.04.49.jpg,114
08-10 17.07.24.jpg,115
01-22 10.59.21.jpg,116
03-02 01.20.10.jpg,117
06-04 16.36.08.jpg,118
02-24 02.29.25.jpg,119
02-20 10.01.55.jpg,120
